{
  "version": 1,
  "type": "standardized_logistic_regression",
  "task": "stage1b_shot_verifier",
  "featureExtractor": "stage1_handcrafted",
  "sampleRate": 16000,
  "clipSamples": 8000,
  "threshold": 0.67,
  "features": [
    "log_rms_all",
    "crest_factor",
    "zero_cross_rate",
    "peak_pos",
    "impact_vs_pre",
    "mid_vs_impact",
    "tail_vs_impact",
    "centroid_peak",
    "bandwidth_peak",
    "hf_ratio_peak",
    "low_ratio_peak",
    "flatness_peak",
    "centroid_mean",
    "hf_ratio_mean",
    "flux_mean",
    "flux_max",
    "peak_band_0_250",
    "peak_band_250_500",
    "peak_band_500_1000",
    "peak_band_1000_2000",
    "peak_band_2000_4000",
    "peak_band_4000_8000",
    "mean_band_0_250",
    "mean_band_250_500",
    "mean_band_500_1000",
    "mean_band_1000_2000",
    "mean_band_2000_4000",
    "mean_band_4000_8000"
  ],
  "mean": [
    -2.411087434412059,
    9.727472104884393,
    0.16677572977872226,
    0.261800781249996,
    1.7708037692314225,
    -1.3264945381405446,
    -2.2722720621973567,
    0.272179621390843,
    0.20133799997390633,
    0.23035986221628552,
    0.5070186988242218,
    0.40022346045320484,
    0.2566852738961954,
    0.20483839121517292,
    0.11783276001640736,
    0.826908530413742,
    0.2378363590910547,
    0.1246437783225872,
    0.19279499341683892,
    0.16157596796852036,
    0.15750760119989157,
    0.12564273744582147,
    0.38120065024884725,
    0.15618414217911272,
    0.1904185614203022,
    0.17516876056649996,
    0.1520645903218563,
    0.12853538978038873
  ],
  "std": [
    0.6329193001306668,
    7.096345359005694,
    0.13296805950027474,
    0.18018441168059623,
    2.27624330778872,
    1.5419862889679314,
    3.1883341302367367,
    0.14863294091750037,
    0.05807712245277287,
    0.3150892539047599,
    0.3970691246906346,
    0.22643573185343474,
    0.1182337244461026,
    0.24825866964542803,
    0.08805502350888361,
    0.36259013058556644,
    0.3443426892001215,
    0.19896578241637944,
    0.2576415120352595,
    0.20647760182274796,
    0.21510094937418714,
    0.23600362297452404,
    0.31162767939614316,
    0.1579681883527691,
    0.18249723775716525,
    0.18075110244273343,
    0.1811465567244075,
    0.19509101158640899
  ],
  "weights": [
    -1.1383112639879105,
    0.06556888369636336,
    -0.15691915356930372,
    -0.3196279213174878,
    -1.1239026921512176,
    0.0028012596517617123,
    0.038605806055419044,
    -0.12640665876475443,
    0.41563932619639193,
    0.2128230881335899,
    0.46245963470339246,
    -0.13813726288918163,
    -0.7596587275717559,
    -0.37149815078338505,
    -0.7097039944938018,
    0.916130023795266,
    -0.08195508452478421,
    0.47058424317013453,
    0.030926264019989127,
    -0.2791136508016379,
    0.29405542182317224,
    -0.3347300034989499,
    0.6079809909124932,
    -0.7067365994083933,
    0.36371216910988047,
    -0.320400911115433,
    -0.35339659389377664,
    -0.44906944067353244
  ],
  "bias": -3.196803120175275,
  "training": {
    "generatedAt": "2026-04-24T21:01:40.320Z",
    "positives": 42,
    "negatives": 1110,
    "localPositiveSourceFiles": 42,
    "externalNegativeSourceFiles": 1300,
    "skippedExternalNegatives": 648,
    "negativeMinPeakDbfs": -35,
    "preparedManifest": "data/stage1b_prepared/manifest.jsonl",
    "thresholdSelection": "cross_validation_worst_fold_recall",
    "cvRecommendedThreshold": 0.67,
    "pooledCvThreshold": 0.67,
    "cv": {
      "threshold": 0.67,
      "tp": 42,
      "fp": 82,
      "tn": 1028,
      "fn": 0,
      "precision": 0.3387096774193548,
      "recall": 1,
      "specificity": 0.9261261261261261,
      "f1": 0.5060240963855421,
      "folds": [
        {
          "threshold": 0.67,
          "tp": 9,
          "fp": 21,
          "tn": 201,
          "fn": 0,
          "precision": 0.3,
          "recall": 1,
          "specificity": 0.9054054054054054,
          "f1": 0.4615384615384615
        },
        {
          "threshold": 0.67,
          "tp": 9,
          "fp": 21,
          "tn": 201,
          "fn": 0,
          "precision": 0.3,
          "recall": 1,
          "specificity": 0.9054054054054054,
          "f1": 0.4615384615384615
        },
        {
          "threshold": 0.67,
          "tp": 8,
          "fp": 12,
          "tn": 210,
          "fn": 0,
          "precision": 0.4,
          "recall": 1,
          "specificity": 0.9459459459459459,
          "f1": 0.5714285714285715
        },
        {
          "threshold": 0.67,
          "tp": 8,
          "fp": 16,
          "tn": 206,
          "fn": 0,
          "precision": 0.3333333333333333,
          "recall": 1,
          "specificity": 0.9279279279279279,
          "f1": 0.5
        },
        {
          "threshold": 0.67,
          "tp": 8,
          "fp": 12,
          "tn": 210,
          "fn": 0,
          "precision": 0.4,
          "recall": 1,
          "specificity": 0.9459459459459459,
          "f1": 0.5714285714285715
        }
      ],
      "worstRecall": 1,
      "worstSpecificity": 0.9054054054054054
    },
    "pooledCv": {
      "threshold": 0.67,
      "tp": 42,
      "fp": 82,
      "tn": 1028,
      "fn": 0,
      "precision": 0.3387096774193548,
      "recall": 1,
      "specificity": 0.9261261261261261,
      "f1": 0.5060240963855421
    },
    "oofScoreSeparation": {
      "positives": {
        "count": 42,
        "min": 0.6700403569450185,
        "p05": 0.744486829850697,
        "p50": 0.8445467478615449,
        "p95": 0.9227415957509876,
        "max": 0.9378130283200039,
        "mean": 0.8409732920712311
      },
      "negatives": {
        "count": 1110,
        "min": 8.165470050813109e-8,
        "p05": 0.00006979654450195045,
        "p50": 0.05012547438263072,
        "p95": 0.7414150371848124,
        "max": 0.9719659541510575,
        "mean": 0.17195093517402799
      },
      "minPositiveP": 0.6700403569450185,
      "maxNegativeP": 0.9719659541510575,
      "separationMargin": -0.30192559720603895
    },
    "trainAtCvThreshold": {
      "threshold": 0.67,
      "tp": 42,
      "fp": 79,
      "tn": 1031,
      "fn": 0,
      "precision": 0.34710743801652894,
      "recall": 1,
      "specificity": 0.9288288288288288,
      "f1": 0.5153374233128835
    },
    "trainScoreSeparation": {
      "positives": {
        "count": 42,
        "min": 0.7535158981974953,
        "p05": 0.7689274718025852,
        "p50": 0.8538064645200869,
        "p95": 0.9273250551819104,
        "max": 0.9484774991708455,
        "mean": 0.8531788814293993
      },
      "negatives": {
        "count": 1110,
        "min": 9.013755485272315e-8,
        "p05": 0.00007017653357725893,
        "p50": 0.04984523166304536,
        "p95": 0.7262679747248121,
        "max": 0.9727302694060431,
        "mean": 0.1687130256813243
      },
      "minPositiveP": 0.7535158981974953,
      "maxNegativeP": 0.9727302694060431,
      "separationMargin": -0.2192143712085478
    },
    "trainOnlyMetrics": {
      "threshold": 0.75,
      "tp": 42,
      "fp": 47,
      "tn": 1063,
      "fn": 0,
      "precision": 0.47191011235955055,
      "recall": 1,
      "specificity": 0.9576576576576576,
      "f1": 0.6412213740458015
    }
  }
}