{
  "version": 1,
  "type": "standardized_logistic_regression",
  "task": "stage1b_shot_verifier",
  "featureExtractor": "stage1_handcrafted",
  "sampleRate": 16000,
  "clipSamples": 8000,
  "threshold": 0.67,
  "features": [
    "log_rms_all",
    "crest_factor",
    "zero_cross_rate",
    "peak_pos",
    "impact_vs_pre",
    "mid_vs_impact",
    "tail_vs_impact",
    "centroid_peak",
    "bandwidth_peak",
    "hf_ratio_peak",
    "low_ratio_peak",
    "flatness_peak",
    "centroid_mean",
    "hf_ratio_mean",
    "flux_mean",
    "flux_max",
    "peak_band_0_250",
    "peak_band_250_500",
    "peak_band_500_1000",
    "peak_band_1000_2000",
    "peak_band_2000_4000",
    "peak_band_4000_8000",
    "mean_band_0_250",
    "mean_band_250_500",
    "mean_band_500_1000",
    "mean_band_1000_2000",
    "mean_band_2000_4000",
    "mean_band_4000_8000"
  ],
  "mean": [
    -2.411080615604397,
    9.727409254383273,
    0.16453488977788872,
    0.2617952473958293,
    1.7748956116588535,
    -1.32683552152055,
    -2.2722870725890636,
    0.27217967809514465,
    0.20133876128541528,
    0.230359770550835,
    0.5070187224970187,
    0.400319749435828,
    0.25705213720716746,
    0.20484420086456195,
    0.1178337831367114,
    0.8269135400607928,
    0.23783634115141444,
    0.12464374638841387,
    0.19279508135334622,
    0.1615759802260504,
    0.15750759607482745,
    0.12564269223252206,
    0.38115520974048006,
    0.15615930113113796,
    0.1903912292557049,
    0.17514466825880373,
    0.15204524833473657,
    0.12853377554488174
  ],
  "std": [
    0.6329196716217637,
    7.096314107551316,
    0.13206707945066087,
    0.18018640924965307,
    2.3023145176023614,
    1.5438524000031604,
    3.1881723628459544,
    0.14863277300401304,
    0.05807511316196977,
    0.3150891577524129,
    0.3970691045630506,
    0.22634340696832736,
    0.11830372161133301,
    0.24826123757264099,
    0.08805521551639188,
    0.3625911088516066,
    0.34434268681570557,
    0.19896581185534926,
    0.2576416320897184,
    0.20647754809307742,
    0.2151008838503053,
    0.23600355441536114,
    0.3116091350947934,
    0.1579282357169289,
    0.18247771993403622,
    0.1807224986501896,
    0.1811067342783652,
    0.19508366613766676
  ],
  "weights": [
    -1.1384766184487927,
    0.06492377610150822,
    -0.16322203944401484,
    -0.3203726553871111,
    -1.1234437580811605,
    0.004286288238344958,
    0.03871980935240824,
    -0.12575798417693254,
    0.4159655893643978,
    0.21370495401058204,
    0.46271328301530723,
    -0.13798893467703036,
    -0.7628118045971836,
    -0.37035448378505054,
    -0.7073589238945117,
    0.9141946173832691,
    -0.08227871388397619,
    0.4706175462721223,
    0.03069086400418733,
    -0.27941526146211837,
    0.2948193284943796,
    -0.33446141761422327,
    0.6052065059667328,
    -0.7074680688788403,
    0.3638068523503744,
    -0.31969901471145634,
    -0.35269178634333,
    -0.44866441992976575
  ],
  "bias": -3.197083172539304,
  "training": {
    "generatedAt": "2026-04-24T22:39:51.842Z",
    "positives": 42,
    "negatives": 1110,
    "preparedManifest": "data/stage1b_prepared/manifest.jsonl",
    "thresholdSelection": "cross_validation_worst_fold_recall",
    "cvRecommendedThreshold": 0.67,
    "pooledCvThreshold": 0.67,
    "cv": {
      "threshold": 0.67,
      "tp": 42,
      "fp": 83,
      "tn": 1027,
      "fn": 0,
      "precision": 0.336,
      "recall": 1,
      "specificity": 0.9252252252252252,
      "f1": 0.5029940119760479,
      "folds": [
        {
          "threshold": 0.67,
          "tp": 9,
          "fp": 21,
          "tn": 201,
          "fn": 0,
          "precision": 0.3,
          "recall": 1,
          "specificity": 0.9054054054054054,
          "f1": 0.4615384615384615
        },
        {
          "threshold": 0.67,
          "tp": 9,
          "fp": 22,
          "tn": 200,
          "fn": 0,
          "precision": 0.2903225806451613,
          "recall": 1,
          "specificity": 0.9009009009009009,
          "f1": 0.45000000000000007
        },
        {
          "threshold": 0.67,
          "tp": 8,
          "fp": 12,
          "tn": 210,
          "fn": 0,
          "precision": 0.4,
          "recall": 1,
          "specificity": 0.9459459459459459,
          "f1": 0.5714285714285715
        },
        {
          "threshold": 0.67,
          "tp": 8,
          "fp": 16,
          "tn": 206,
          "fn": 0,
          "precision": 0.3333333333333333,
          "recall": 1,
          "specificity": 0.9279279279279279,
          "f1": 0.5
        },
        {
          "threshold": 0.67,
          "tp": 8,
          "fp": 12,
          "tn": 210,
          "fn": 0,
          "precision": 0.4,
          "recall": 1,
          "specificity": 0.9459459459459459,
          "f1": 0.5714285714285715
        }
      ],
      "worstRecall": 1,
      "worstSpecificity": 0.9009009009009009
    },
    "pooledCv": {
      "threshold": 0.67,
      "tp": 42,
      "fp": 83,
      "tn": 1027,
      "fn": 0,
      "precision": 0.336,
      "recall": 1,
      "specificity": 0.9252252252252252,
      "f1": 0.5029940119760479
    },
    "oofScoreSeparation": {
      "positives": {
        "count": 42,
        "min": 0.6702513995722037,
        "p05": 0.7444592120611337,
        "p50": 0.8447715009791003,
        "p95": 0.9227926468208673,
        "max": 0.9378729580133166,
        "mean": 0.8409111592292521
      },
      "negatives": {
        "count": 1110,
        "min": 9.19648820894373e-8,
        "p05": 0.00006732818576384058,
        "p50": 0.05015437817657511,
        "p95": 0.7409514427663104,
        "max": 0.971922305762776,
        "mean": 0.1720359648026795
      },
      "minPositiveP": 0.6702513995722037,
      "maxNegativeP": 0.971922305762776,
      "separationMargin": -0.30167090619057235
    },
    "trainAtCvThreshold": {
      "threshold": 0.67,
      "tp": 42,
      "fp": 79,
      "tn": 1031,
      "fn": 0,
      "precision": 0.34710743801652894,
      "recall": 1,
      "specificity": 0.9288288288288288,
      "f1": 0.5153374233128835
    },
    "trainScoreSeparation": {
      "positives": {
        "count": 42,
        "min": 0.7532232180686538,
        "p05": 0.7682750802259377,
        "p50": 0.8535928461262352,
        "p95": 0.9272217214118936,
        "max": 0.9483702600934848,
        "mean": 0.8530991999417135
      },
      "negatives": {
        "count": 1110,
        "min": 9.892287714636488e-8,
        "p05": 0.000059632974485344036,
        "p50": 0.05005372755383926,
        "p95": 0.7267391085171221,
        "max": 0.9729687414597018,
        "mean": 0.16880098658724838
      },
      "minPositiveP": 0.7532232180686538,
      "maxNegativeP": 0.9729687414597018,
      "separationMargin": -0.21974552339104803
    },
    "trainOnlyMetrics": {
      "threshold": 0.75,
      "tp": 42,
      "fp": 47,
      "tn": 1063,
      "fn": 0,
      "precision": 0.47191011235955055,
      "recall": 1,
      "specificity": 0.9576576576576576,
      "f1": 0.6412213740458015
    }
  }
}