{
  "version": 1,
  "type": "standardized_logistic_regression",
  "task": "stage1b_shot_verifier",
  "featureExtractor": "stage1_handcrafted",
  "sampleRate": 16000,
  "clipSamples": 8000,
  "threshold": 0.63,
  "features": [
    "log_rms_all",
    "crest_factor",
    "zero_cross_rate",
    "peak_pos",
    "impact_vs_pre",
    "mid_vs_impact",
    "tail_vs_impact",
    "centroid_peak",
    "bandwidth_peak",
    "hf_ratio_peak",
    "low_ratio_peak",
    "flatness_peak",
    "centroid_mean",
    "hf_ratio_mean",
    "flux_mean",
    "flux_max",
    "peak_band_0_250",
    "peak_band_250_500",
    "peak_band_500_1000",
    "peak_band_1000_2000",
    "peak_band_2000_4000",
    "peak_band_4000_8000",
    "mean_band_0_250",
    "mean_band_250_500",
    "mean_band_500_1000",
    "mean_band_1000_2000",
    "mean_band_2000_4000",
    "mean_band_4000_8000"
  ],
  "mean": [
    -2.416262848122159,
    9.797967451616625,
    0.17015527841881126,
    0.26299414414414013,
    1.8142404502776315,
    -1.3454637935782123,
    -2.318323825619675,
    0.27683305557696725,
    0.20317793482485857,
    0.23671146336870358,
    0.49489643446998893,
    0.4072061500349896,
    0.2606372981929939,
    0.21167473726337838,
    0.11871922406889857,
    0.8358794759153987,
    0.23583565398050968,
    0.12357811085569417,
    0.18404519046007092,
    0.1652639574544898,
    0.16163428137619942,
    0.12964425321465986,
    0.3780514770359259,
    0.15459259795046032,
    0.18810965325289666,
    0.17968554986852578,
    0.15698495515939556,
    0.13309013883264884
  ],
  "std": [
    0.6373121376609717,
    7.159877601655084,
    0.13425714191489677,
    0.18002161921676302,
    2.3018527589091455,
    1.5612701291988424,
    3.232996905477615,
    0.14840817403636303,
    0.05717918209940606,
    0.31762432155174714,
    0.39748206564023336,
    0.2248630735128274,
    0.11856885160529829,
    0.2503438301570201,
    0.08923420603286124,
    0.3614293511790226,
    0.34321270576904994,
    0.19897225716826922,
    0.24853934479518966,
    0.2091381960720234,
    0.21639149408898747,
    0.23924309541662772,
    0.3140110820699621,
    0.15941694409914914,
    0.18339988637088578,
    0.18256575324330127,
    0.18270975929781214,
    0.19730851051946544
  ],
  "weights": [
    -1.1060360441111994,
    0.02079530137678306,
    -0.14190604241095406,
    -0.33841697989896874,
    -1.0500584529515555,
    -0.01221745146240199,
    0.047860352506810686,
    -0.1434994410426304,
    0.3323098112053608,
    0.12856342206252977,
    0.45771622577561283,
    -0.06226024094514299,
    -0.7781556656354724,
    -0.3275838618607355,
    -0.7357676668862485,
    0.8285376459611884,
    -0.17466050758097698,
    0.5278290485265961,
    0.06937359279497829,
    -0.14960953530322088,
    0.29467335981083637,
    -0.3962282338577057,
    0.6618290442326041,
    -0.7588380687752804,
    0.29578717259849263,
    -0.3556869229976952,
    -0.33235683295282387,
    -0.42186450026545996
  ],
  "bias": -3.210900421375552,
  "training": {
    "generatedAt": "2026-04-23T21:57:59.121Z",
    "positives": 28,
    "negatives": 1082,
    "localPositiveSourceFiles": 28,
    "externalNegativeSourceFiles": 1300,
    "skippedExternalNegatives": 648,
    "negativeMinPeakDbfs": -35,
    "preparedManifest": "data/stage1b_prepared/manifest.jsonl",
    "thresholdSelection": "cross_validation_worst_fold_recall",
    "cvRecommendedThreshold": 0.63,
    "pooledCvThreshold": 0.63,
    "cv": {
      "threshold": 0.63,
      "tp": 28,
      "fp": 97,
      "tn": 985,
      "fn": 0,
      "precision": 0.224,
      "recall": 1,
      "specificity": 0.910351201478743,
      "f1": 0.36601307189542487,
      "folds": [
        {
          "threshold": 0.63,
          "tp": 6,
          "fp": 16,
          "tn": 200,
          "fn": 0,
          "precision": 0.2727272727272727,
          "recall": 1,
          "specificity": 0.9259259259259259,
          "f1": 0.42857142857142855
        },
        {
          "threshold": 0.63,
          "tp": 6,
          "fp": 17,
          "tn": 199,
          "fn": 0,
          "precision": 0.2608695652173913,
          "recall": 1,
          "specificity": 0.9212962962962963,
          "f1": 0.41379310344827586
        },
        {
          "threshold": 0.63,
          "tp": 6,
          "fp": 18,
          "tn": 198,
          "fn": 0,
          "precision": 0.25,
          "recall": 1,
          "specificity": 0.9166666666666666,
          "f1": 0.4
        },
        {
          "threshold": 0.63,
          "tp": 5,
          "fp": 28,
          "tn": 189,
          "fn": 0,
          "precision": 0.15151515151515152,
          "recall": 1,
          "specificity": 0.8709677419354839,
          "f1": 0.2631578947368421
        },
        {
          "threshold": 0.63,
          "tp": 5,
          "fp": 18,
          "tn": 199,
          "fn": 0,
          "precision": 0.21739130434782608,
          "recall": 1,
          "specificity": 0.9170506912442397,
          "f1": 0.3571428571428571
        }
      ],
      "worstRecall": 1,
      "worstSpecificity": 0.8709677419354839
    },
    "pooledCv": {
      "threshold": 0.63,
      "tp": 28,
      "fp": 97,
      "tn": 985,
      "fn": 0,
      "precision": 0.224,
      "recall": 1,
      "specificity": 0.910351201478743,
      "f1": 0.36601307189542487
    },
    "oofScoreSeparation": {
      "positives": {
        "count": 28,
        "min": 0.6343554771293225,
        "p05": 0.6767770990847685,
        "p50": 0.8249591146597453,
        "p95": 0.8879388919730741,
        "max": 0.937675823425049,
        "mean": 0.8129643792786261
      },
      "negatives": {
        "count": 1082,
        "min": 9.837598110705412e-8,
        "p05": 0.00007196849295402936,
        "p50": 0.05554211392978396,
        "p95": 0.7528663989331531,
        "max": 0.9722481627592076,
        "mean": 0.17650621970955724
      },
      "minPositiveP": 0.6343554771293225,
      "maxNegativeP": 0.9722481627592076,
      "separationMargin": -0.33789268562988506
    },
    "trainAtCvThreshold": {
      "threshold": 0.63,
      "tp": 28,
      "fp": 95,
      "tn": 987,
      "fn": 0,
      "precision": 0.22764227642276422,
      "recall": 1,
      "specificity": 0.9121996303142329,
      "f1": 0.3708609271523179
    },
    "trainScoreSeparation": {
      "positives": {
        "count": 28,
        "min": 0.7484379281210959,
        "p05": 0.7605347174746835,
        "p50": 0.8557657507601575,
        "p95": 0.9091188356154055,
        "max": 0.947256318853682,
        "mean": 0.8478829196654258
      },
      "negatives": {
        "count": 1082,
        "min": 1.0711138664638586e-7,
        "p05": 0.00007221223662454463,
        "p50": 0.05533529342277629,
        "p95": 0.7352247732427998,
        "max": 0.968000466436279,
        "mean": 0.17458918558578773
      },
      "minPositiveP": 0.7484379281210959,
      "maxNegativeP": 0.968000466436279,
      "separationMargin": -0.21956253831518313
    },
    "trainOnlyMetrics": {
      "threshold": 0.74,
      "tp": 28,
      "fp": 54,
      "tn": 1028,
      "fn": 0,
      "precision": 0.34146341463414637,
      "recall": 1,
      "specificity": 0.9500924214417745,
      "f1": 0.5090909090909091
    }
  }
}
